,0,1,2,3,4,5,6,7
de,0.895,0.673,0.509,0.623,0.648,0.697,0.814,0.9
la,0.796,0.688,0.8,0.736,0.714,0.915,0.866,0.913
l,0.352,0.262,0.366,0.489,0.622,0.854,0.955,0.898
le,0.282,0.626,0.843,0.652,0.703,0.754,0.792,0.898
à,0.957,0.61,0.656,0.634,0.721,0.852,0.952,0.898
d,0.343,0.451,0.54,0.506,0.56,0.699,0.872,0.898
et,0.671,0.48,0.38,0.514,0.561,0.672,0.787,0.904
les,0.947,0.755,0.661,0.761,0.776,0.783,0.817,0.898
des,0.9,0.926,0.767,0.89,0.722,0.762,0.814,0.898
en,0.572,0.605,0.406,0.652,0.633,0.783,0.814,0.898
du,0.359,0.351,0.566,0.872,0.864,0.77,0.855,0.969
a,0.446,0.294,0.357,0.457,0.564,0.699,0.81,0.907
un,0.227,0.352,0.417,0.462,0.565,0.681,0.851,0.898
une,0.796,0.46,0.512,0.641,0.685,0.909,0.952,0.916
que,0.236,0.475,0.8,0.941,0.938,0.849,0.931,0.898
est,0.786,0.646,0.93,0.837,0.699,0.84,0.899,0.904
s,0.786,0.417,0.709,0.793,0.876,0.952,0.955,0.978
au,0.123,0.391,0.739,0.803,0.843,0.95,0.952,0.898
qui,0.349,0.56,0.728,0.962,0.853,0.855,0.966,0.898
dans,0.671,0.686,0.599,0.527,0.613,0.672,0.789,0.898
pour,0.123,0.266,0.344,0.447,0.592,0.703,0.793,0.976
il,0.465,0.717,0.607,0.704,0.698,0.941,0.86,0.898
par,0.902,0.639,0.871,0.881,0.704,0.733,0.876,0.898
n,0.601,0.49,0.694,0.929,0.901,0.925,0.989,0.898
sur,0.232,0.474,0.57,0.669,0.927,0.844,0.948,0.898
m,0.455,0.345,0.358,0.545,0.688,0.746,0.879,0.898
pas,0.3,0.239,0.357,0.534,0.63,0.68,0.843,0.898
qu,0.566,0.93,0.977,0.963,0.942,0.851,0.853,0.898
se,0.797,0.654,0.601,0.634,0.901,0.913,0.872,0.898
plus,0.567,0.38,0.386,0.538,0.567,0.671,0.82,0.943
ce,0.123,0.444,0.447,0.758,0.776,0.934,0.89,0.984
ne,0.233,0.248,0.356,0.46,0.571,0.672,0.82,0.898
c,0.786,0.564,0.394,0.515,0.654,0.822,0.926,0.898
e,0.155,0.553,0.69,0.545,0.629,0.758,0.899,0.966
avec,0.954,0.834,0.824,0.919,0.824,0.763,0.814,0.898
son,0.349,0.526,0.56,0.837,0.757,0.874,0.976,0.898
ont,0.672,0.407,0.41,0.486,0.566,0.746,0.875,0.935
on,0.238,0.545,0.758,0.873,0.94,0.976,0.981,0.898
p,0.463,0.392,0.69,0.809,0.645,0.845,0.867,0.898
aux,0.895,0.786,0.729,0.831,0.653,0.706,0.858,0.898
sont,0.671,0.519,0.493,0.548,0.561,0.673,0.793,0.969
été,0.342,0.265,0.529,0.666,0.706,0.694,0.788,0.898
cette,0.123,0.236,0.366,0.482,0.557,0.672,0.787,0.898
h,0.232,0.346,0.381,0.573,0.738,0.715,0.865,0.907
mais,0.247,0.243,0.36,0.46,0.579,0.672,0.787,0.898
sa,0.646,0.397,0.369,0.459,0.544,0.705,0.851,0.982
i,0.577,0.476,0.431,0.495,0.557,0.718,0.81,0.898
suisse,0.349,0.273,0.429,0.608,0.56,0.703,0.895,0.898
r,0.453,0.699,0.763,0.674,0.597,0.836,0.966,0.898
ans,0.2,0.236,0.344,0.477,0.587,0.672,0.79,0.898
ou,0.342,0.266,0.344,0.469,0.683,0.732,0.816,0.92
t,0.239,0.442,0.41,0.568,0.575,0.772,0.893,0.898
ses,0.895,0.854,0.685,0.637,0.661,0.735,0.858,0.898
deux,0.681,0.357,0.452,0.52,0.571,0.672,0.787,0.898
y,0.456,0.371,0.373,0.604,0.807,0.926,0.873,0.898
nous,0.445,0.491,0.415,0.473,0.634,0.685,0.787,0.898
o,0.349,0.345,0.571,0.632,0.56,0.778,0.905,0.932
elle,0.237,0.484,0.498,0.756,0.762,0.942,0.861,0.912
leur,0.222,0.309,0.507,0.505,0.559,0.695,0.872,0.898
j,0.573,0.422,0.446,0.491,0.412,0.743,0.852,0.973
g,0.458,0.433,0.432,0.52,0.335,0.577,0.846,0.902
tout,0.599,0.924,0.977,0.996,0.969,0.919,0.926,0.898
ces,0.353,0.431,0.775,0.927,0.797,0.771,0.839,0.898
comme,0.791,0.542,0.733,0.967,0.927,0.876,0.9,0.898
fr,0.464,0.285,0.284,0.477,0.564,0.698,0.739,0.898
b,0.572,0.357,0.376,0.575,0.617,0.754,0.803,0.898
fait,0.349,0.325,0.493,0.64,0.593,0.818,0.863,0.898
si,0.451,0.297,0.368,0.568,0.717,0.71,0.87,0.898
être,0.203,0.239,0.435,0.662,0.703,0.749,0.839,0.898
même,0.804,0.872,0.978,0.934,0.732,0.879,0.926,0.898
avait,0.562,0.427,0.372,0.469,0.569,0.737,0.81,0.905
sans,0.457,0.794,0.907,0.793,0.777,0.871,0.791,0.924
bien,0.353,0.559,0.73,0.883,0.806,0.684,0.787,0.898
genève,0.457,0.406,0.547,0.61,0.88,0.984,0.977,0.898
ils,0.349,0.273,0.438,0.501,0.559,0.72,0.872,0.898
pays,0.692,0.371,0.485,0.754,0.794,0.755,0.81,0.898
était,0.396,0.33,0.346,0.459,0.564,0.705,0.791,0.898
entre,0.708,0.527,0.425,0.474,0.569,0.674,0.787,0.898
où,0.348,0.33,0.35,0.457,0.599,0.72,0.814,0.961
après,0.123,0.236,0.378,0.472,0.671,0.812,0.915,0.898
dont,0.895,0.832,0.65,0.795,0.931,0.868,0.915,0.939
v,0.672,0.528,0.549,0.518,0.566,0.712,0.87,0.898
aussi,0.255,0.531,0.879,0.875,0.81,0.735,0.829,0.98
av,0.57,0.356,0.368,0.646,0.624,0.818,0.893,0.905
contre,0.347,0.259,0.378,0.535,0.707,0.921,0.868,0.898
encore,0.786,0.544,0.878,0.852,0.722,0.802,0.912,0.898
f,0.396,0.748,0.629,0.786,0.629,0.732,0.814,0.898
lui,0.895,0.87,0.777,0.89,0.846,0.858,0.983,0.903
conseil,0.232,0.402,0.361,0.51,0.68,0.915,0.94,0.898
je,0.263,0.236,0.406,0.468,0.557,0.72,0.787,0.915
tous,0.493,0.389,0.685,0.867,0.95,0.978,0.925,0.898
très,0.785,0.787,0.815,0.831,0.758,0.681,0.804,0.898
millions,0.68,0.393,0.399,0.478,0.586,0.762,0.834,0.898
autres,0.123,0.236,0.402,0.512,0.59,0.686,0.858,0.898
jusqu,0.342,0.421,0.565,0.73,0.912,0.805,0.953,0.898
ainsi,0.91,0.568,0.579,0.62,0.637,0.712,0.814,0.999
cours,0.143,0.244,0.396,0.445,0.573,0.728,0.788,0.949
faire,0.123,0.812,0.821,0.776,0.77,0.759,0.814,0.898
leurs,0.671,0.533,0.551,0.523,0.614,0.678,0.829,0.898
depuis,0.458,0.459,0.681,0.896,0.806,0.717,0.872,0.907
trois,0.717,0.517,0.484,0.465,0.571,0.65,0.787,0.975
président,0.239,0.382,0.544,0.754,0.686,0.694,0.787,0.898
autre,0.895,0.683,0.712,0.67,0.582,0.73,0.814,0.898
mois,0.451,0.375,0.619,0.636,0.873,0.891,0.816,0.92
francs,0.786,0.634,0.66,0.605,0.654,0.863,0.843,0.898
rue,0.531,0.296,0.538,0.617,0.734,0.758,0.949,0.971
prix,0.458,0.408,0.454,0.731,0.617,0.709,0.846,0.935
monde,0.689,0.821,0.823,0.991,0.961,0.852,0.864,0.898
peu,0.681,0.475,0.562,0.759,0.802,0.704,0.788,0.976
france,0.453,0.408,0.67,0.666,0.578,0.682,0.788,0.898
sera,0.428,0.4,0.818,0.72,0.759,0.82,0.816,0.903
fin,0.233,0.236,0.365,0.462,0.523,0.706,0.789,0.898
temps,0.671,0.45,0.38,0.488,0.562,0.683,0.837,0.898
u,0.143,0.699,0.886,0.832,0.752,0.915,0.955,0.898
lausanne,0.351,0.273,0.375,0.553,0.598,0.707,0.802,0.898
notre,0.856,0.599,0.586,0.524,0.614,0.681,0.787,0.898
moins,0.233,0.239,0.326,0.375,0.447,0.582,0.824,0.913
vous,0.123,0.24,0.338,0.503,0.601,0.791,0.894,0.898
année,0.233,0.236,0.407,0.759,0.847,0.875,0.866,0.898
sous,0.242,0.467,0.386,0.516,0.578,0.672,0.829,0.898
grand,0.233,0.245,0.414,0.529,0.623,0.672,0.827,0.898
peut,0.895,0.759,0.931,0.848,0.713,0.761,0.845,0.898
etat,0.233,0.237,0.344,0.483,0.567,0.677,0.82,0.898
politique,0.25,0.301,0.344,0.457,0.546,0.672,0.787,0.898
premier,0.343,0.262,0.633,0.701,0.79,0.953,0.956,0.898
part,0.895,0.955,0.81,0.772,0.744,0.783,0.814,0.898
non,0.728,0.494,0.576,0.509,0.735,0.861,0.926,0.898
dernier,0.379,0.685,0.782,0.829,0.948,0.831,0.807,0.898
avoir,0.348,0.6,0.426,0.601,0.567,0.683,0.821,0.898
fois,0.233,0.249,0.344,0.507,0.598,0.731,0.822,0.918
gouvernement,0.344,0.267,0.344,0.511,0.664,0.705,0.789,0.898
alors,0.452,0.288,0.438,0.704,0.86,0.852,0.926,0.907
dimanche,0.342,0.262,0.317,0.432,0.547,0.724,0.787,0.924
soit,0.899,0.786,0.92,0.738,0.82,0.875,0.847,0.898
tél,0.895,0.992,0.882,0.908,0.913,0.985,0.978,0.898
quelques,0.402,0.274,0.38,0.449,0.566,0.672,0.82,0.898
déjà,0.786,0.698,0.927,0.976,0.98,0.946,0.893,0.898
avant,0.123,0.202,0.517,0.523,0.595,0.634,0.773,0.899
selon,0.779,0.471,0.477,0.633,0.842,0.769,0.847,0.898
première,0.123,0.308,0.515,0.526,0.54,0.702,0.874,0.898
samedi,0.232,0.357,0.32,0.395,0.544,0.709,0.787,0.904
nouveau,0.374,0.406,0.79,0.815,0.909,0.985,0.976,0.947
dès,0.565,0.441,0.493,0.806,0.868,0.873,0.81,0.898
jours,0.233,0.236,0.369,0.479,0.631,0.852,0.837,0.91
vie,0.571,0.928,0.867,0.898,0.891,0.781,0.814,0.898
me,0.233,0.248,0.402,0.474,0.589,0.774,0.913,0.898
place,0.237,0.289,0.401,0.536,0.752,0.942,0.868,0.898
paris,0.237,0.293,0.403,0.585,0.831,0.97,0.913,0.932
toute,0.561,0.933,0.907,0.827,0.639,0.699,0.814,0.898
société,0.786,0.774,0.691,0.742,0.628,0.843,0.837,0.898
jour,0.123,0.24,0.289,0.362,0.462,0.674,0.831,0.922
lundi,0.67,0.611,0.548,0.548,0.78,0.959,0.865,0.898
également,0.349,0.274,0.422,0.594,0.576,0.672,0.82,0.935
heures,0.123,0.266,0.318,0.497,0.744,0.789,0.874,0.908
donc,0.672,0.63,0.815,0.786,0.806,0.8,0.979,0.918
suisses,0.387,0.273,0.399,0.483,0.549,0.699,0.81,0.898
général,0.458,0.303,0.364,0.535,0.56,0.672,0.82,0.898
nouvelle,0.895,0.966,0.953,0.929,0.808,0.771,0.823,0.898
français,0.453,0.323,0.654,0.662,0.62,0.779,0.884,0.898
cet,0.344,0.353,0.68,0.736,0.713,0.862,0.977,0.898
marché,0.676,0.864,0.685,0.672,0.702,0.866,0.787,0.898
hui,0.895,0.653,0.739,0.735,0.827,0.824,0.973,0.925
effet,0.387,0.807,0.871,0.965,0.799,0.821,0.913,0.898
toujours,0.895,0.534,0.679,0.802,0.748,0.782,0.814,0.909
fédéral,0.573,0.516,0.403,0.672,0.649,0.748,0.831,0.906
or,0.343,0.264,0.711,0.767,0.891,0.934,0.949,0.898
journal,0.123,0.291,0.512,0.734,0.648,0.661,0.751,0.898
groupe,0.458,0.446,0.409,0.518,0.561,0.746,0.854,0.903
vendredi,0.356,0.415,0.341,0.379,0.537,0.713,0.787,0.938
toutes,0.617,0.474,0.409,0.483,0.557,0.672,0.82,0.898
europe,0.15,0.424,0.412,0.628,0.739,0.933,0.891,0.898
etats-unis,0.785,0.38,0.518,0.618,0.682,0.734,0.787,0.917
cas,0.232,0.318,0.284,0.494,0.646,0.739,0.81,0.898
cela,0.348,0.509,0.753,0.957,0.882,0.819,0.839,0.898
service,0.348,0.278,0.342,0.498,0.639,0.865,0.865,0.898
corp,0.123,0.264,0.416,0.601,0.605,0.767,0.85,0.898
zurich,0.601,0.32,0.402,0.467,0.715,0.819,0.837,0.898
point,0.576,0.406,0.441,0.768,0.684,0.776,0.929,0.898
parti,0.232,0.465,0.329,0.385,0.426,0.613,0.756,0.916
grande,0.895,0.487,0.638,0.809,0.698,0.874,0.935,0.904
fut,0.461,0.381,0.489,0.527,0.464,0.667,0.787,0.898
ville,0.556,0.473,0.572,0.481,0.72,0.864,0.926,0.898
aujourd,0.895,0.422,0.59,0.725,0.809,0.848,0.951,0.898
mardi,0.56,0.47,0.436,0.495,0.65,0.854,0.81,0.898
musique,0.572,0.325,0.533,0.845,0.821,0.761,0.812,0.898
jeudi,0.56,0.59,0.475,0.511,0.673,0.896,0.838,0.911
dit,0.803,0.902,0.824,0.765,0.682,0.704,0.881,0.898
nos,0.594,0.464,0.74,0.624,0.667,0.677,0.792,0.898
affaires,0.347,0.296,0.463,0.62,0.67,0.893,0.81,0.898
doit,0.895,0.621,0.817,0.768,0.829,0.936,0.949,0.901
homme,0.458,0.379,0.402,0.606,0.589,0.715,0.792,0.929
partie,0.953,0.515,0.475,0.651,0.691,0.783,0.92,0.979
soir,0.346,0.616,0.449,0.532,0.6,0.819,0.81,0.898
lieu,0.353,0.489,0.388,0.608,0.607,0.813,0.833,0.979
banque,0.432,0.262,0.344,0.459,0.575,0.771,0.871,0.898
union,0.233,0.24,0.366,0.468,0.557,0.714,0.81,0.898
quatre,0.688,0.423,0.399,0.477,0.561,0.673,0.79,0.898
travail,0.219,0.266,0.629,0.629,0.601,0.723,0.879,0.965
années,0.123,0.264,0.55,0.564,0.581,0.686,0.85,0.898
chef,0.671,0.485,0.388,0.475,0.568,0.681,0.824,0.91
faut,0.791,0.677,0.607,0.797,0.629,0.753,0.853,0.913
plusieurs,0.899,0.495,0.493,0.514,0.618,0.693,0.814,0.9
centre,0.682,0.599,0.663,0.849,0.783,0.951,0.978,0.916
elles,0.387,0.617,0.787,0.817,0.641,0.705,0.894,0.898
ministre,0.456,0.313,0.374,0.499,0.651,0.791,0.788,0.898
devant,0.123,0.333,0.381,0.575,0.68,0.917,0.95,0.898
mercredi,0.365,0.473,0.436,0.463,0.599,0.822,0.837,0.93
eu,0.374,0.45,0.407,0.624,0.651,0.861,0.838,0.952
car,0.259,0.236,0.353,0.523,0.601,0.792,0.922,0.904
lors,0.67,0.603,0.636,0.73,0.898,0.954,0.881,0.898
rapport,0.123,0.331,0.368,0.576,0.581,0.693,0.811,0.905
afp,0.347,0.272,0.415,0.508,0.641,0.764,0.79,0.898
théâtre,0.123,0.266,0.365,0.514,0.603,0.785,0.949,0.912
x,0.567,0.817,0.85,0.849,0.671,0.907,0.949,0.986
an,0.57,0.311,0.41,0.668,0.803,0.906,0.889,0.935
vers,0.342,0.263,0.344,0.459,0.578,0.703,0.787,0.898
là,0.239,0.387,0.429,0.644,0.567,0.68,0.845,0.905
ailleurs,0.833,0.38,0.525,0.62,0.767,0.747,0.787,0.898
notamment,0.785,0.652,0.578,0.689,0.649,0.701,0.788,0.898
situation,0.912,0.934,0.872,0.747,0.741,0.842,0.837,0.898
celui,0.672,0.529,0.73,0.726,0.607,0.827,0.939,0.957
compte,0.56,0.317,0.516,0.556,0.769,0.72,0.793,0.913
k,0.239,0.306,0.392,0.635,0.523,0.542,0.757,0.898
dm,0.941,0.536,0.626,0.759,0.774,0.926,0.919,0.92
série,0.348,0.435,0.601,0.809,0.67,0.614,0.727,0.898
berne,0.16,0.237,0.539,0.816,0.744,0.854,0.901,0.898
film,0.786,0.386,0.421,0.558,0.624,0.804,0.856,0.929
nombre,0.572,0.457,0.397,0.617,0.638,0.712,0.789,0.898
ici,0.702,0.399,0.793,0.789,0.852,0.794,0.824,0.898
suite,0.149,0.325,0.498,0.423,0.362,0.429,0.821,0.898
avaient,0.342,0.262,0.344,0.466,0.58,0.72,0.79,0.994
ceux,0.458,0.327,0.642,0.797,0.751,0.719,0.816,0.911
trop,0.373,0.317,0.461,0.744,0.77,0.703,0.812,0.898
quelque,0.636,0.435,0.694,0.936,0.915,0.898,0.982,0.902
étaient,0.233,0.237,0.35,0.457,0.566,0.681,0.801,0.932
semaine,0.237,0.313,0.392,0.527,0.707,0.925,0.862,0.957
ii,0.568,0.325,0.392,0.542,0.578,0.775,0.912,0.926
ats,0.446,0.377,0.407,0.457,0.567,0.726,0.848,0.898
chez,0.502,0.448,0.354,0.494,0.559,0.672,0.796,0.898
commission,0.233,0.236,0.344,0.544,0.587,0.747,0.922,0.898
enfants,0.258,0.379,0.352,0.501,0.631,0.725,0.787,0.898
personnes,0.556,0.474,0.408,0.474,0.601,0.717,0.906,0.898
seront,0.233,0.237,0.372,0.606,0.724,0.795,0.925,0.898
dernière,0.123,0.32,0.424,0.479,0.58,0.767,0.81,0.898
va,0.67,0.656,0.706,0.618,0.823,0.972,0.976,0.898
chaque,0.282,0.539,0.823,0.944,0.79,0.867,0.93,0.937
question,0.895,0.537,0.576,0.72,0.67,0.773,0.821,0.898
tour,0.123,0.266,0.344,0.505,0.566,0.727,0.833,0.898
près,0.566,0.418,0.562,0.836,0.96,0.974,0.926,0.898
histoire,0.365,0.273,0.293,0.531,0.586,0.757,0.854,0.898
guerre,0.446,0.362,0.356,0.437,0.585,0.685,0.798,0.904
rien,0.383,0.61,0.406,0.644,0.817,0.805,0.897,0.898
enfin,0.568,0.358,0.446,0.547,0.577,0.73,0.937,0.976
droit,0.335,0.395,0.477,0.77,0.667,0.858,0.848,0.934
celle,0.895,0.788,0.688,0.602,0.592,0.73,0.825,0.898
pendant,0.123,0.236,0.238,0.304,0.471,0.614,0.789,0.898
dollars,0.669,0.51,0.508,0.624,0.832,0.758,0.814,0.898
certains,0.566,0.34,0.649,0.898,0.943,0.951,0.916,0.962
projet,0.147,0.236,0.4,0.713,0.692,0.748,0.872,0.898
hier,0.677,0.528,0.771,0.795,0.855,0.98,0.979,0.898
juin,0.456,0.446,0.657,0.796,0.928,0.921,0.815,0.898
presse,0.356,0.384,0.342,0.451,0.527,0.727,0.813,0.938
serait,0.681,0.587,0.561,0.801,0.773,0.761,0.787,0.947
ni,0.134,0.325,0.408,0.559,0.651,0.907,0.887,0.918
ensemble,0.458,0.3,0.572,0.747,0.722,0.737,0.818,0.898
puis,0.342,0.262,0.515,0.638,0.669,0.667,0.805,0.898
national,0.126,0.237,0.418,0.663,0.815,0.796,0.901,0.936
accord,0.458,0.412,0.376,0.515,0.584,0.728,0.831,0.915
seulement,0.566,0.311,0.462,0.605,0.883,0.922,0.905,0.898
reste,0.598,0.4,0.732,0.681,0.614,0.712,0.862,0.904
di,0.895,0.822,0.846,0.775,0.657,0.827,0.837,0.898
ai,0.676,0.36,0.425,0.485,0.571,0.758,0.825,0.898
nuit,0.123,0.236,0.356,0.457,0.588,0.787,0.873,0.969
économique,0.458,0.395,0.343,0.445,0.506,0.645,0.788,0.898
bon,0.682,0.536,0.612,0.891,0.74,0.886,0.922,0.898
tel,0.337,0.268,0.444,0.473,0.662,0.833,0.903,0.974
uvre,0.567,0.332,0.787,0.79,0.759,0.844,0.857,0.898
beaucoup,0.895,0.634,0.702,0.88,0.736,0.757,0.816,0.898
mars,0.346,0.363,0.509,0.599,0.884,0.815,0.825,0.898
voir,0.346,0.624,0.721,0.704,0.749,0.744,0.787,0.898
mai,0.132,0.373,0.678,0.674,0.907,0.827,0.843,0.914
points,0.895,0.732,0.514,0.608,0.63,0.693,0.814,0.959
conférence,0.591,0.448,0.607,0.521,0.577,0.775,0.899,0.898
w,0.239,0.314,0.366,0.521,0.492,0.64,0.829,0.926
public,0.617,0.405,0.487,0.568,0.71,0.846,0.787,0.898
dire,0.233,0.236,0.358,0.498,0.642,0.697,0.87,0.931
el,0.342,0.293,0.289,0.542,0.701,0.758,0.849,0.899
jamais,0.785,0.982,0.897,0.91,0.733,0.76,0.841,0.898
cinq,0.337,0.332,0.38,0.449,0.566,0.672,0.82,0.948
taux,0.785,0.573,0.47,0.559,0.628,0.748,0.798,0.898
matin,0.566,0.531,0.452,0.717,0.937,0.971,0.914,0.902
nationale,0.305,0.247,0.415,0.564,0.651,0.898,0.89,0.898
hommes,0.909,0.833,0.717,0.704,0.615,0.719,0.847,0.898
jeu,0.348,0.554,0.377,0.518,0.331,0.434,0.508,0.943
surtout,0.671,0.659,0.562,0.658,0.584,0.676,0.825,0.898
police,0.279,0.236,0.345,0.458,0.554,0.675,0.797,0.898
milliards,0.58,0.339,0.368,0.48,0.557,0.69,0.787,0.923
mise,0.459,0.384,0.523,0.756,0.699,0.922,0.976,0.904
demande,0.26,0.236,0.462,0.663,0.756,0.857,0.928,0.898
art,0.682,0.348,0.378,0.53,0.61,0.803,0.899,0.898
membres,0.562,0.35,0.439,0.493,0.557,0.703,0.787,0.898
cependant,0.837,0.636,0.476,0.626,0.723,0.709,0.897,0.898
plan,0.233,0.236,0.355,0.464,0.568,0.701,0.8,0.898
pierre,0.785,0.758,0.623,0.614,0.549,0.719,0.788,0.898
loi,0.571,0.402,0.375,0.466,0.559,0.672,0.787,0.902
pourrait,0.785,0.599,0.527,0.656,0.696,0.681,0.787,0.898
jeunes,0.233,0.251,0.496,0.532,0.592,0.709,0.787,0.898
pris,0.237,0.399,0.664,0.843,0.866,0.945,0.898,0.954
début,0.355,0.262,0.352,0.461,0.58,0.672,0.787,0.898
coul,0.562,0.56,0.291,0.263,0.223,0.648,0.844,0.944
co,0.688,0.453,0.766,0.805,0.866,0.861,0.95,0.898
déclaré,0.472,0.412,0.367,0.555,0.58,0.684,0.787,0.898
générale,0.352,0.281,0.364,0.48,0.501,0.651,0.787,0.898
nom,0.148,0.252,0.356,0.578,0.679,0.747,0.922,0.898
er,0.342,0.273,0.344,0.502,0.611,0.76,0.893,0.898
aurait,0.69,0.554,0.419,0.475,0.561,0.699,0.792,0.898
raison,0.538,0.617,0.807,0.98,0.947,0.853,0.953,0.898
jean,0.233,0.24,0.296,0.437,0.476,0.621,0.787,0.898
ch,0.395,0.259,0.389,0.666,0.687,0.791,0.81,0.898
programme,0.233,0.238,0.38,0.707,0.696,0.771,0.821,0.933
problème,0.895,0.767,0.685,0.586,0.477,0.716,0.876,0.898
action,0.676,0.38,0.422,0.539,0.599,0.77,0.788,0.898
nouvelles,0.739,0.63,0.572,0.556,0.571,0.672,0.787,0.911
pouvoir,0.562,0.711,0.875,0.713,0.618,0.682,0.787,0.898
américain,0.922,0.668,0.912,0.83,0.837,0.907,0.893,0.898
canton,0.123,0.278,0.549,0.577,0.708,0.695,0.787,0.898
pu,0.45,0.546,0.426,0.495,0.655,0.734,0.787,0.898
allemagne,0.556,0.358,0.369,0.466,0.578,0.763,0.897,0.898
salle,0.452,0.288,0.368,0.573,0.702,0.792,0.956,0.928
am,0.349,0.616,0.903,0.973,0.862,0.868,0.949,0.898
heure,0.785,0.651,0.537,0.518,0.591,0.731,0.789,0.898
romande,0.781,0.552,0.743,0.846,0.67,0.793,0.942,0.918
aura,0.337,0.792,0.606,0.528,0.667,0.87,0.88,0.898
international,0.233,0.254,0.301,0.429,0.645,0.804,0.837,0.898
londres,0.123,0.386,0.49,0.518,0.745,0.776,0.787,0.898
côté,0.348,0.526,0.658,0.761,0.673,0.697,0.796,0.898
tant,0.781,0.627,0.841,0.822,0.723,0.721,0.888,0.954
bank,0.907,0.525,0.561,0.596,0.721,0.848,0.814,0.898
vue,0.462,0.681,0.578,0.642,0.588,0.733,0.787,0.904
hausse,0.811,0.696,0.484,0.499,0.665,0.852,0.897,0.903
ur,0.364,0.274,0.263,0.294,0.438,0.614,0.796,0.898
directeur,0.785,0.442,0.53,0.573,0.572,0.718,0.787,0.938
moment,0.227,0.496,0.506,0.468,0.557,0.681,0.843,0.914
seul,0.232,0.292,0.542,0.6,0.754,0.719,0.881,0.908
association,0.786,0.667,0.825,0.767,0.74,0.916,0.977,0.898
petit,0.451,0.308,0.507,0.536,0.631,0.729,0.788,0.902
vient,0.6,0.605,0.889,0.748,0.874,0.939,0.956,0.898
livre,0.676,0.437,0.766,0.779,0.757,0.816,0.824,0.898
ordre,0.566,0.558,0.365,0.321,0.36,0.707,0.853,0.898
direction,0.895,0.861,0.969,0.986,0.965,0.879,0.937,0.898
quant,0.779,0.859,0.929,0.862,0.977,0.988,0.978,0.99
face,0.572,0.539,0.648,0.836,0.818,0.935,0.836,0.898
parmi,0.677,0.58,0.477,0.729,0.693,0.737,0.905,0.94
eux,0.342,0.262,0.352,0.464,0.562,0.673,0.82,0.898
autant,0.786,0.566,0.875,0.939,0.788,0.881,0.922,0.901
économie,0.671,0.446,0.451,0.606,0.574,0.674,0.82,0.898
souvent,0.562,0.461,0.746,0.796,0.798,0.696,0.816,0.898
décembre,0.67,0.587,0.555,0.55,0.825,0.976,0.982,0.898
prendre,0.572,0.595,0.499,0.716,0.675,0.793,0.79,0.898
cs,0.895,0.879,0.73,0.919,0.881,0.951,0.976,0.898
mis,0.353,0.518,0.561,0.856,0.713,0.792,0.822,0.912
exposition,0.415,0.319,0.522,0.578,0.668,0.872,0.81,0.898
mort,0.403,0.294,0.559,0.504,0.668,0.799,0.866,0.975
informations,0.562,0.434,0.496,0.574,0.438,0.588,0.764,0.898
actuellement,0.781,0.479,0.61,0.656,0.662,0.694,0.865,0.989
mme,0.342,0.262,0.344,0.483,0.631,0.764,0.837,0.898
grands,0.669,0.343,0.438,0.597,0.758,0.706,0.787,0.918
octobre,0.341,0.398,0.62,0.559,0.834,0.872,0.863,0.898
six,0.233,0.237,0.429,0.545,0.659,0.696,0.85,0.898
toutefois,0.672,0.52,0.749,0.757,0.662,0.715,0.922,0.898
quand,0.123,0.264,0.365,0.505,0.69,0.751,0.787,0.904
janvier,0.455,0.759,0.65,0.838,0.96,0.942,0.87,0.898
comité,0.239,0.711,0.668,0.73,0.638,0.783,0.814,0.898
banques,0.235,0.239,0.356,0.424,0.536,0.656,0.787,0.907
septembre,0.354,0.6,0.694,0.805,0.953,0.989,0.946,0.923
sud,0.256,0.252,0.355,0.46,0.56,0.672,0.833,0.9
industrie,0.342,0.266,0.346,0.481,0.578,0.719,0.801,0.902
entrée,0.567,0.505,0.7,0.656,0.732,0.874,0.787,0.898
assemblée,0.56,0.355,0.365,0.474,0.576,0.748,0.817,0.898
mieux,0.292,0.359,0.377,0.52,0.507,0.645,0.82,0.898
titre,0.685,0.458,0.482,0.784,0.68,0.872,0.923,0.898
décision,0.237,0.423,0.655,0.679,0.786,0.953,0.873,0.907
gen,0.233,0.237,0.459,0.54,0.592,0.699,0.873,0.898
production,0.817,0.481,0.393,0.62,0.707,0.823,0.875,0.94
intérêt,0.854,0.662,0.834,0.975,0.97,0.904,0.953,0.898
musée,0.151,0.266,0.435,0.77,0.9,0.94,0.951,0.923
voix,0.895,0.551,0.42,0.565,0.652,0.705,0.814,0.898
fonds,0.895,0.655,0.431,0.47,0.448,0.685,0.785,0.898
mm,0.456,0.294,0.352,0.484,0.607,0.742,0.795,0.911
coup,0.562,0.331,0.487,0.422,0.45,0.558,0.763,0.898
grâce,0.453,0.628,0.916,0.858,0.869,0.935,0.986,0.919
maison,0.232,0.533,0.406,0.478,0.586,0.675,0.792,0.898
problèmes,0.671,0.518,0.556,0.493,0.524,0.654,0.792,0.913
développement,0.781,0.603,0.692,0.648,0.601,0.742,0.899,0.898
résultats,0.456,0.291,0.499,0.572,0.71,0.772,0.788,0.992
aide,0.702,0.512,0.435,0.557,0.754,0.914,0.935,0.899
devrait,0.676,0.434,0.549,0.518,0.738,0.811,0.814,0.898
ma,0.562,0.382,0.366,0.468,0.557,0.69,0.789,0.898
air,0.233,0.236,0.374,0.525,0.569,0.776,0.908,0.898
jeune,0.321,0.236,0.396,0.457,0.584,0.803,0.812,0.931
département,0.342,0.294,0.344,0.462,0.585,0.764,0.838,0.898
bonne,0.959,0.713,0.519,0.495,0.656,0.786,0.841,0.898
tête,0.123,0.236,0.378,0.472,0.632,0.783,0.866,0.905
avril,0.123,0.404,0.496,0.618,0.895,0.871,0.928,0.898
italie,0.676,0.492,0.57,0.61,0.599,0.746,0.793,0.945
passé,0.567,0.641,0.701,0.861,0.693,0.69,0.801,0.898
mesure,0.925,0.734,0.758,0.844,0.946,0.848,0.857,0.96
exemple,0.459,0.614,0.771,0.914,0.753,0.852,0.949,0.898
fort,0.349,0.34,0.516,0.724,0.59,0.682,0.843,0.898
terme,0.453,0.554,0.892,0.79,0.76,0.91,0.976,0.898
séance,0.342,0.262,0.346,0.449,0.559,0.754,0.81,0.905
laquelle,0.895,0.72,0.884,0.94,0.805,0.926,0.949,0.898
mesures,0.236,0.253,0.354,0.464,0.564,0.672,0.787,0.898
actions,0.688,0.633,0.587,0.813,0.665,0.719,0.82,0.952
sens,0.272,0.376,0.698,0.68,0.613,0.731,0.872,0.9
beau,0.456,0.37,0.373,0.582,0.724,0.861,0.813,0.898
internationale,0.568,0.415,0.468,0.465,0.557,0.691,0.79,0.943
novembre,0.568,0.549,0.428,0.579,0.835,0.96,0.922,0.898
no,0.562,0.608,0.56,0.533,0.274,0.311,0.692,0.904
agit,0.233,0.428,0.498,0.797,0.764,0.864,0.988,0.911
ancien,0.961,0.869,0.85,0.825,0.783,0.739,0.863,0.939
environ,0.456,0.308,0.551,0.747,0.78,0.778,0.787,0.921
assez,0.232,0.339,0.666,0.655,0.735,0.696,0.849,0.945
doute,0.895,0.983,0.816,0.874,0.869,0.893,0.875,0.898
scène,0.123,0.282,0.371,0.512,0.602,0.779,0.949,0.898
avons,0.578,0.523,0.394,0.467,0.601,0.72,0.787,0.898
nord,0.446,0.38,0.32,0.348,0.559,0.718,0.795,0.898
of,0.123,0.24,0.323,0.475,0.571,0.755,0.81,0.898
page,0.227,0.363,0.742,0.592,0.607,0.716,0.816,0.901
services,0.123,0.246,0.369,0.503,0.628,0.81,0.841,0.898
pourtant,0.456,0.308,0.605,0.713,0.786,0.742,0.787,0.898
affaire,0.342,0.262,0.344,0.473,0.59,0.748,0.899,0.898
mettre,0.786,0.742,0.491,0.515,0.582,0.763,0.838,0.898
juillet,0.24,0.292,0.483,0.594,0.842,0.969,0.976,0.898
soviétique,0.307,0.243,0.269,0.306,0.492,0.728,0.851,0.932
possible,0.698,0.446,0.502,0.569,0.66,0.773,0.797,0.924
équipe,0.238,0.238,0.381,0.536,0.603,0.787,0.815,0.898
administration,0.123,0.455,0.684,0.61,0.627,0.766,0.949,0.898
ayant,0.349,0.273,0.447,0.601,0.589,0.681,0.825,0.898
deuxième,0.123,0.431,0.492,0.706,0.695,0.815,0.838,0.898
route,0.152,0.278,0.444,0.421,0.574,0.804,0.872,0.898
conditions,0.232,0.289,0.458,0.604,0.669,0.661,0.79,0.921
donné,0.348,0.467,0.398,0.667,0.629,0.693,0.844,0.919
dollar,0.67,0.429,0.524,0.633,0.816,0.965,0.928,0.909
grandes,0.815,0.382,0.437,0.588,0.648,0.708,0.798,0.938
aucun,0.895,0.932,0.987,0.937,0.753,0.818,0.933,0.898
nombreux,0.895,0.627,0.532,0.71,0.692,0.708,0.878,0.964
radio,0.342,0.262,0.313,0.54,0.586,0.777,0.872,0.922
armée,0.468,0.39,0.355,0.511,0.546,0.663,0.822,0.898
uvres,0.896,0.636,0.892,0.899,0.818,0.795,0.879,0.898
ouverture,0.123,0.277,0.371,0.518,0.603,0.743,0.787,0.898
fédérale,0.53,0.3,0.354,0.51,0.555,0.768,0.833,0.898
prochain,0.247,0.287,0.472,0.706,0.939,0.932,0.866,0.898
travaux,0.123,0.264,0.594,0.761,0.757,0.889,0.862,0.91
organisation,0.458,0.355,0.377,0.656,0.598,0.705,0.817,0.904
outre,0.681,0.532,0.591,0.814,0.664,0.708,0.811,0.898
entreprises,0.567,0.354,0.387,0.541,0.581,0.677,0.789,0.916
dix,0.337,0.268,0.368,0.439,0.577,0.695,0.79,0.947
baisse,0.67,0.441,0.438,0.476,0.647,0.837,0.903,0.898
int,0.876,0.483,0.597,0.853,0.749,0.757,0.837,0.996
semble,0.676,0.555,0.894,0.783,0.702,0.759,0.816,0.898
augmentation,0.895,0.444,0.47,0.54,0.582,0.739,0.87,0.898
autorités,0.139,0.293,0.378,0.486,0.651,0.672,0.787,0.898
maintenant,0.123,0.253,0.527,0.689,0.764,0.783,0.842,0.898
août,0.123,0.619,0.497,0.577,0.848,0.931,0.882,0.898
occasion,0.895,0.693,0.66,0.756,0.649,0.719,0.814,0.898
construction,0.123,0.354,0.399,0.578,0.639,0.745,0.959,0.898
manière,0.95,0.867,0.923,0.832,0.813,0.868,0.831,0.898
in,0.486,0.314,0.357,0.494,0.604,0.819,0.929,0.898
succès,0.262,0.405,0.46,0.652,0.821,0.975,0.976,0.898
nouveaux,0.781,0.686,0.747,0.814,0.81,0.735,0.963,0.987
us,0.233,0.241,0.479,0.504,0.578,0.792,0.839,0.927
niveau,0.562,0.941,0.86,0.819,0.64,0.799,0.898,0.968
valeur,0.785,0.608,0.822,0.896,0.779,0.737,0.787,0.898
the,0.451,0.377,0.331,0.505,0.752,0.715,0.815,0.898
es,0.458,0.44,0.386,0.539,0.566,0.672,0.794,0.907
libre,0.56,0.474,0.808,0.696,0.817,0.799,0.829,0.909
produits,0.233,0.236,0.384,0.653,0.732,0.751,0.832,0.898
concert,0.793,0.437,0.509,0.83,0.785,0.747,0.87,0.905
crédit,0.462,0.307,0.365,0.501,0.557,0.707,0.81,0.898
annoncé,0.676,0.546,0.392,0.483,0.59,0.782,0.81,0.898
politiques,0.785,0.62,0.525,0.599,0.584,0.693,0.808,0.906
font,0.123,0.271,0.368,0.457,0.574,0.724,0.81,0.919
française,0.679,0.357,0.48,0.543,0.57,0.707,0.901,0.898
genevois,0.977,0.834,0.966,0.967,0.889,0.938,0.971,0.928
étranger,0.781,0.438,0.437,0.582,0.589,0.674,0.847,0.901
conseiller,0.342,0.32,0.348,0.468,0.558,0.679,0.825,0.959
volume,0.36,0.273,0.385,0.507,0.549,0.69,0.787,0.961
nuageux,0.232,0.464,0.357,0.457,0.634,0.737,0.87,0.898
système,0.67,0.576,0.472,0.605,0.831,0.946,0.887,0.898
mon,0.326,0.236,0.315,0.387,0.421,0.661,0.81,0.903
afin,0.562,0.503,0.447,0.466,0.557,0.69,0.787,0.898
new,0.446,0.47,0.409,0.463,0.557,0.704,0.861,0.905
mal,0.797,0.561,0.514,0.749,0.865,0.759,0.897,0.926
secrétaire,0.341,0.483,0.553,0.531,0.594,0.782,0.787,0.898
étrangères,0.233,0.24,0.361,0.477,0.594,0.788,0.811,0.898
base,0.785,0.873,0.894,0.951,0.844,0.769,0.791,0.898
aucune,0.791,0.835,0.83,0.967,0.804,0.842,0.949,0.898
femme,0.236,0.24,0.308,0.405,0.633,0.736,0.814,0.898
paix,0.514,0.394,0.364,0.435,0.558,0.739,0.81,0.898
total,0.239,0.25,0.368,0.476,0.564,0.675,0.787,0.898
américains,0.681,0.378,0.671,0.768,0.756,0.838,0.836,0.898
savoir,0.791,0.575,0.612,0.861,0.942,0.952,0.949,0.918
seule,0.461,0.305,0.472,0.591,0.564,0.677,0.828,0.951
défense,0.681,0.631,0.419,0.6,0.674,0.696,0.787,0.961
américaine,0.842,0.38,0.489,0.636,0.635,0.863,0.941,0.917
durant,0.233,0.236,0.359,0.459,0.569,0.724,0.87,0.898
parce,0.581,0.333,0.58,0.764,0.712,0.745,0.816,0.898
militaire,0.452,0.386,0.357,0.478,0.612,0.73,0.927,0.907
publique,0.925,0.813,0.78,0.825,0.809,0.971,0.931,0.912
commerce,0.693,0.482,0.489,0.562,0.595,0.743,0.793,0.898
rôle,0.462,0.66,0.542,0.711,0.736,0.897,0.827,0.947
peuvent,0.458,0.303,0.354,0.484,0.568,0.672,0.82,0.898
peut-être,0.618,0.427,0.688,0.668,0.666,0.673,0.791,0.898
haut,0.446,0.322,0.53,0.547,0.717,0.695,0.799,0.929
long,0.453,0.352,0.487,0.52,0.551,0.69,0.787,0.898
abord,0.571,0.892,0.734,0.856,0.682,0.658,0.77,0.899
galerie,0.562,0.421,0.428,0.476,0.563,0.753,0.843,0.922
étant,0.595,0.372,0.754,0.659,0.651,0.719,0.827,0.898
malgré,0.451,0.458,0.38,0.493,0.756,0.734,0.847,0.922
sécurité,0.271,0.356,0.596,0.767,0.638,0.679,0.789,0.898
can,0.446,0.294,0.442,0.534,0.605,0.685,0.798,0.898
orchestre,0.895,0.489,0.493,0.747,0.769,0.866,0.865,0.898
état,0.895,0.813,0.621,0.576,0.606,0.73,0.815,0.935
siècle,0.933,0.541,0.513,0.7,0.649,0.739,0.89,0.993
sujet,0.342,0.266,0.352,0.47,0.558,0.69,0.79,0.898
mouvement,0.508,0.317,0.336,0.541,0.466,0.562,0.765,0.898
février,0.67,0.63,0.752,0.678,0.914,0.962,0.976,0.898
chambre,0.895,0.681,0.487,0.645,0.634,0.708,0.871,0.955
ouvert,0.456,0.446,0.641,0.817,0.925,0.901,0.787,0.898
eglise,0.895,0.982,0.952,0.929,0.796,0.891,0.949,0.898
bourse,0.479,0.597,0.761,0.581,0.779,0.792,0.787,0.898
forces,0.261,0.465,0.357,0.549,0.6,0.684,0.787,0.898
forme,0.123,0.417,0.669,0.592,0.643,0.743,0.794,0.925
domaine,0.562,0.823,0.972,0.908,0.834,0.754,0.903,0.898
donner,0.679,0.959,0.709,0.608,0.618,0.724,0.88,0.898
entreprise,0.427,0.289,0.551,0.791,0.669,0.794,0.901,0.898
décidé,0.787,0.986,0.981,0.832,0.812,0.913,0.894,0.898
région,0.245,0.236,0.357,0.495,0.643,0.699,0.87,0.898
journée,0.123,0.266,0.32,0.534,0.585,0.666,0.844,0.898
etats,0.239,0.301,0.388,0.546,0.565,0.719,0.81,0.898
nations,0.458,0.299,0.361,0.48,0.557,0.741,0.814,0.933
femmes,0.123,0.246,0.461,0.492,0.584,0.727,0.901,0.898
certaines,0.458,0.413,0.429,0.641,0.592,0.684,0.79,0.911
information,0.157,0.267,0.32,0.458,0.504,0.761,0.866,0.898
reuter,0.457,0.285,0.343,0.489,0.652,0.774,0.809,0.898
force,0.786,0.38,0.487,0.611,0.757,0.898,0.864,0.903
ensuite,0.786,0.793,0.804,0.727,0.656,0.85,0.845,0.898
titres,0.233,0.236,0.355,0.432,0.599,0.808,0.899,0.899
derniers,0.676,0.492,0.753,0.78,0.736,0.762,0.789,0.898
franc,0.85,0.631,0.678,0.827,0.842,0.973,0.917,0.901
robert,0.568,0.519,0.412,0.559,0.479,0.711,0.893,0.898
sait,0.908,0.964,0.988,0.978,0.84,0.844,0.875,0.908
vu,0.347,0.863,0.669,0.727,0.796,0.899,0.887,0.898
michel,0.572,0.448,0.368,0.412,0.247,0.398,0.719,0.898
magazine,0.675,0.926,0.891,0.86,0.85,0.741,0.632,0.898
telle,0.787,0.369,0.528,0.677,0.843,0.913,0.949,0.898
chiffre,0.676,0.861,0.988,0.98,0.803,0.901,0.919,0.907
etc,0.794,0.69,0.52,0.689,0.835,0.887,0.79,0.898
période,0.687,0.538,0.871,0.955,0.951,0.935,0.866,0.898
secteur,0.567,0.542,0.442,0.629,0.652,0.689,0.863,0.898
cause,0.495,0.396,0.321,0.584,0.711,0.793,0.825,0.918
offre,0.457,0.285,0.4,0.601,0.732,0.907,0.919,0.951
cadre,0.353,0.564,0.725,0.846,0.687,0.854,0.812,0.898
indice,0.459,0.31,0.525,0.747,0.661,0.825,0.927,0.898
pourquoi,0.258,0.369,0.795,0.844,0.7,0.859,0.864,0.898
esprit,0.691,0.956,0.845,0.692,0.764,0.728,0.822,0.95
culte,0.237,0.336,0.534,0.85,0.814,0.891,0.81,0.898
revanche,0.849,0.584,0.822,0.971,0.966,0.956,0.903,0.898
comment,0.781,0.741,0.857,0.725,0.614,0.698,0.878,0.898
après-midi,0.123,0.266,0.344,0.476,0.658,0.844,0.86,0.901
sept,0.123,0.236,0.324,0.352,0.564,0.561,0.822,0.898
premiers,0.337,0.294,0.405,0.459,0.596,0.695,0.847,0.898
famille,0.345,0.262,0.318,0.503,0.635,0.716,0.802,0.898
initiative,0.128,0.237,0.379,0.479,0.574,0.761,0.816,0.898
européenne,0.691,0.647,0.811,0.945,0.866,0.951,0.979,0.918
peuple,0.123,0.239,0.351,0.483,0.668,0.797,0.911,0.898
capital,0.743,0.713,0.629,0.729,0.637,0.79,0.787,0.931
confédération,0.571,0.395,0.405,0.747,0.693,0.729,0.848,0.898
veut,0.785,0.392,0.465,0.541,0.572,0.681,0.787,0.898
votre,0.123,0.158,0.191,0.401,0.504,0.686,0.867,0.898
ve,0.928,0.585,0.843,0.914,0.776,0.786,0.902,0.943
trouve,0.984,0.896,0.756,0.656,0.727,0.713,0.814,0.898
troisième,0.132,0.238,0.355,0.497,0.631,0.72,0.922,0.912
recherche,0.233,0.242,0.363,0.559,0.628,0.755,0.928,0.981
argent,0.854,0.644,0.933,0.828,0.915,0.903,0.928,0.898
inc,0.414,0.264,0.518,0.706,0.815,0.926,0.95,0.932
personne,0.336,0.593,0.426,0.483,0.567,0.672,0.787,0.898
moyens,0.453,0.326,0.561,0.52,0.567,0.672,0.787,0.898
formation,0.347,0.259,0.395,0.695,0.795,0.908,0.86,0.898
terre,0.186,0.338,0.403,0.59,0.585,0.704,0.889,0.898
tandis,0.561,0.322,0.414,0.58,0.669,0.737,0.964,0.898
population,0.123,0.295,0.472,0.777,0.889,0.866,0.889,0.898
rencontre,0.925,0.41,0.497,0.665,0.749,0.897,0.954,0.898
valeurs,0.895,0.509,0.473,0.564,0.687,0.72,0.814,0.898
atteint,0.347,0.646,0.819,0.891,0.982,0.986,0.944,0.898
dernières,0.227,0.581,0.617,0.49,0.628,0.746,0.901,0.898
professeur,0.342,0.27,0.326,0.427,0.494,0.664,0.852,0.898
doivent,0.355,0.274,0.388,0.573,0.559,0.727,0.866,0.898
propos,0.463,0.303,0.624,0.767,0.807,0.903,0.873,0.898
gauche,0.238,0.236,0.317,0.516,0.578,0.71,0.787,0.898
dû,0.562,0.442,0.488,0.485,0.557,0.683,0.788,0.914
avenir,0.451,0.291,0.535,0.619,0.758,0.814,0.83,0.898
divers,0.592,0.446,0.398,0.425,0.591,0.753,0.787,0.955
vaud,0.682,0.468,0.776,0.924,0.872,0.777,0.887,0.948
création,0.288,0.236,0.367,0.598,0.699,0.711,0.847,0.898
présence,0.895,0.791,0.552,0.554,0.581,0.728,0.888,0.898
compagnie,0.781,0.713,0.51,0.551,0.627,0.684,0.847,0.957
certain,0.24,0.289,0.468,0.804,0.845,0.764,0.81,0.898
but,0.681,0.637,0.79,0.94,0.782,0.841,0.813,0.898
jacques,0.562,0.5,0.438,0.475,0.422,0.692,0.844,0.898
urss,0.342,0.169,0.145,0.295,0.479,0.723,0.76,0.898
majorité,0.82,0.656,0.545,0.713,0.748,0.681,0.789,0.898
position,0.794,0.661,0.637,0.586,0.675,0.737,0.897,0.913
loin,0.569,0.825,0.976,0.923,0.902,0.797,0.93,0.919
sociétés,0.698,0.589,0.496,0.545,0.622,0.678,0.79,0.898
étrangers,0.458,0.327,0.354,0.472,0.551,0.672,0.82,0.907
office,0.935,0.664,0.511,0.615,0.61,0.749,0.911,0.898
façon,0.785,0.673,0.671,0.603,0.673,0.771,0.788,0.935
presque,0.822,0.426,0.586,0.85,0.792,0.836,0.848,0.898
eau,0.123,0.243,0.389,0.485,0.673,0.723,0.819,0.898
solution,0.671,0.612,0.513,0.482,0.561,0.672,0.82,0.898
coupe,0.391,0.27,0.414,0.517,0.762,0.755,0.828,0.898
moscou,0.592,0.444,0.388,0.448,0.701,0.851,0.837,0.898
particulièrement,0.452,0.776,0.836,0.9,0.718,0.684,0.858,0.923
petite,0.786,0.38,0.464,0.621,0.645,0.838,0.873,0.898
paul,0.267,0.279,0.217,0.416,0.197,0.511,0.834,0.898
feu,0.555,0.409,0.446,0.498,0.657,0.696,0.809,0.902
droits,0.458,0.355,0.485,0.763,0.637,0.692,0.844,0.898
bas,0.233,0.246,0.37,0.518,0.774,0.807,0.814,0.898
club,0.362,0.536,0.43,0.677,0.915,0.942,0.899,0.898
ait,0.446,0.365,0.405,0.42,0.529,0.72,0.81,0.914
cour,0.233,0.243,0.344,0.437,0.546,0.69,0.796,0.898
questions,0.567,0.378,0.435,0.531,0.492,0.652,0.787,0.942
port,0.123,0.277,0.401,0.568,0.635,0.885,0.959,0.898
république,0.123,0.402,0.39,0.541,0.598,0.753,0.802,0.934
réunion,0.472,0.558,0.706,0.569,0.582,0.793,0.839,0.932
washington,0.924,0.48,0.514,0.598,0.755,0.851,0.814,0.903
communiqué,0.786,0.514,0.553,0.722,0.677,0.895,0.922,0.911
peine,0.227,0.454,0.848,0.732,0.76,0.795,0.935,0.953
retour,0.232,0.46,0.494,0.536,0.611,0.673,0.794,0.943
km,0.155,0.236,0.326,0.43,0.512,0.707,0.821,0.919
main,0.239,0.254,0.356,0.432,0.53,0.656,0.82,0.986
faveur,0.123,0.326,0.373,0.477,0.456,0.775,0.81,0.986
lorsque,0.608,0.445,0.631,0.711,0.833,0.716,0.787,0.898
auteur,0.349,0.301,0.442,0.588,0.584,0.72,0.787,0.898
mètres,0.163,0.236,0.356,0.463,0.591,0.703,0.789,0.898
reprise,0.342,0.265,0.348,0.444,0.605,0.74,0.817,0.91
york,0.56,0.624,0.574,0.467,0.616,0.801,0.852,0.923
participation,0.895,0.982,0.938,0.982,0.897,0.921,0.872,0.898
télévision,0.274,0.236,0.413,0.616,0.637,0.867,0.862,0.898
annonce,0.236,0.45,0.801,0.77,0.898,0.975,0.976,0.898
chose,0.681,0.559,0.513,0.801,0.857,0.807,0.787,0.945
q,0.357,0.755,0.651,0.746,0.609,0.694,0.789,0.898
allemand,0.233,0.241,0.368,0.46,0.558,0.707,0.81,0.898
parfois,0.123,0.238,0.466,0.58,0.621,0.669,0.79,0.906
activité,0.541,0.323,0.587,0.723,0.78,0.794,0.956,0.926
relations,0.562,0.433,0.463,0.502,0.481,0.65,0.787,0.913
crise,0.446,0.367,0.302,0.3,0.39,0.537,0.715,0.898
avis,0.791,0.508,0.691,0.933,0.868,0.94,0.963,0.898
matière,0.895,0.982,0.963,0.983,0.927,0.817,0.93,0.898
particulier,0.924,0.899,0.977,0.985,0.887,0.93,0.959,0.898
technique,0.123,0.236,0.405,0.497,0.703,0.747,0.843,0.898
centrale,0.452,0.358,0.386,0.401,0.442,0.565,0.825,0.898
moyen,0.584,0.712,0.669,0.796,0.767,0.898,0.977,0.91
bond,0.786,0.381,0.589,0.653,0.732,0.879,0.893,0.898
devait,0.672,0.612,0.577,0.551,0.588,0.807,0.953,0.908
plutôt,0.681,0.703,0.622,0.822,0.733,0.709,0.797,0.898
économiques,0.458,0.394,0.515,0.666,0.706,0.684,0.787,0.898
gens,0.562,0.55,0.482,0.546,0.557,0.69,0.788,0.898
populaire,0.676,0.408,0.505,0.527,0.578,0.752,0.821,0.908
départ,0.68,0.846,0.718,0.587,0.585,0.762,0.818,0.913
personnel,0.562,0.416,0.414,0.52,0.536,0.718,0.853,0.919
corps,0.349,0.273,0.507,0.615,0.606,0.709,0.901,0.953
université,0.342,0.262,0.344,0.464,0.567,0.698,0.87,0.898
genevoise,0.986,0.617,0.596,0.593,0.792,0.899,0.951,0.898
exercice,0.786,0.571,0.57,0.534,0.577,0.774,0.87,0.928
liberté,0.567,0.506,0.547,0.782,0.639,0.703,0.818,0.898
porte,0.123,0.33,0.296,0.184,0.364,0.593,0.837,0.898
chacun,0.216,0.293,0.356,0.459,0.566,0.701,0.843,0.965
john,0.895,0.673,0.586,0.614,0.719,0.789,0.814,0.932
central,0.284,0.091,0.06,0.167,0.154,0.417,0.7,0.898
élections,0.676,0.522,0.551,0.475,0.572,0.707,0.792,0.953
festival,0.785,0.435,0.536,0.545,0.613,0.748,0.787,0.898
négociations,0.342,0.279,0.344,0.49,0.584,0.732,0.851,0.898
dé,0.337,0.305,0.559,0.515,0.621,0.725,0.798,0.906
é,0.714,0.846,0.803,0.611,0.604,0.767,0.79,0.898
important,0.458,0.523,0.584,0.692,0.557,0.681,0.843,0.908
monsieur,0.671,0.49,0.261,0.227,0.183,0.172,0.562,0.898
anglais,0.342,0.274,0.356,0.478,0.579,0.769,0.85,0.93
âge,0.123,0.177,0.303,0.381,0.599,0.798,0.837,0.94
cantons,0.359,0.587,0.895,0.96,0.836,0.895,0.847,0.898
étude,0.123,0.264,0.375,0.556,0.583,0.694,0.843,0.898
z,0.239,0.399,0.528,0.537,0.414,0.77,0.823,0.898
évolution,0.764,0.388,0.654,0.683,0.772,0.92,0.949,0.942
visite,0.132,0.236,0.414,0.483,0.643,0.714,0.799,0.95
re,0.445,0.735,0.654,0.443,0.498,0.348,0.876,0.919
forte,0.597,0.369,0.375,0.465,0.557,0.699,0.843,0.898
contrôle,0.247,0.236,0.386,0.57,0.62,0.673,0.821,0.898
andré,0.671,0.631,0.403,0.405,0.27,0.372,0.754,0.991
bénéfice,0.563,0.463,0.666,0.608,0.594,0.805,0.908,0.898
choix,0.791,0.507,0.564,0.824,0.764,0.72,0.87,0.898
cinéma,0.233,0.236,0.316,0.473,0.486,0.67,0.808,0.924
st,0.494,0.317,0.452,0.59,0.576,0.786,0.922,0.898
énergie,0.561,0.695,0.72,0.536,0.6,0.675,0.806,0.963
victoire,0.347,0.261,0.376,0.51,0.683,0.887,0.86,0.898
britannique,0.524,0.291,0.493,0.574,0.759,0.909,0.866,0.898
tard,0.227,0.362,0.387,0.454,0.552,0.672,0.821,0.898
difficile,0.457,0.825,0.967,0.889,0.695,0.759,0.884,0.901
vrai,0.227,0.363,0.575,0.407,0.375,0.437,0.725,0.953
donne,0.457,0.73,0.927,0.91,0.74,0.894,0.866,0.898
voie,0.562,0.525,0.834,0.651,0.608,0.696,0.816,0.925
qualité,0.349,0.301,0.414,0.616,0.575,0.713,0.898,0.898
a-t-il,0.671,0.443,0.551,0.48,0.446,0.636,0.803,0.968
fund,0.342,0.262,0.209,0.291,0.347,0.619,0.781,0.92
vaudois,0.233,0.236,0.519,0.577,0.657,0.706,0.836,0.898
date,0.451,0.488,0.816,0.711,0.842,0.946,0.871,0.898
ligne,0.452,0.884,0.829,0.661,0.595,0.721,0.87,0.898
rendre,0.904,0.841,0.858,0.77,0.866,0.844,0.853,0.963
ind,0.127,0.562,0.893,0.946,0.922,0.902,0.866,0.898
sorte,0.123,0.236,0.531,0.543,0.783,0.802,0.876,0.938
seconde,0.244,0.394,0.638,0.518,0.593,0.7,0.795,0.905
bruxelles,0.637,0.647,0.849,0.773,0.914,0.977,0.921,0.956
oil,0.565,0.486,0.384,0.523,0.801,0.79,0.826,0.898
époque,0.819,0.432,0.484,0.571,0.526,0.657,0.785,0.898
quoi,0.442,0.263,0.398,0.636,0.717,0.688,0.789,0.904
hôpital,0.233,0.241,0.387,0.388,0.564,0.756,0.922,0.915
trouver,0.364,0.412,0.557,0.685,0.557,0.684,0.82,0.898
école,0.672,0.595,0.676,0.655,0.568,0.771,0.899,0.898
milieux,0.123,0.264,0.456,0.659,0.859,0.918,0.87,0.898
chemin,0.123,0.267,0.439,0.567,0.584,0.72,0.789,0.911
socialiste,0.708,0.678,0.55,0.703,0.676,0.731,0.789,0.898
estime,0.342,0.339,0.45,0.684,0.826,0.713,0.812,0.898
appel,0.358,0.305,0.308,0.273,0.319,0.737,0.82,0.97
cie,0.347,0.29,0.506,0.588,0.665,0.844,0.788,0.898
intérieur,0.45,0.665,0.937,0.879,0.955,0.871,0.871,0.898
match,0.456,0.319,0.351,0.451,0.64,0.868,0.837,0.898
mondiale,0.595,0.52,0.382,0.466,0.611,0.685,0.787,0.974
second,0.163,0.236,0.457,0.744,0.736,0.813,0.923,0.898
finale,0.401,0.262,0.302,0.456,0.721,0.745,0.817,0.898
auprès,0.895,0.814,0.906,0.755,0.915,0.93,0.893,0.926
grande-bretagne,0.895,0.695,0.698,0.909,0.823,0.877,0.849,0.898
madame,0.446,0.422,0.268,0.309,0.378,0.431,0.758,0.969
importance,0.911,0.864,0.78,0.886,0.908,0.794,0.814,0.898
émission,0.233,0.209,0.32,0.409,0.463,0.78,0.81,0.898
mar,0.63,0.914,0.991,0.884,0.88,0.874,0.957,0.944
longtemps,0.562,0.557,0.791,0.58,0.608,0.69,0.849,0.898
résultat,0.282,0.56,0.546,0.541,0.566,0.712,0.787,0.898
hôtel,0.452,0.773,0.571,0.507,0.563,0.7,0.788,0.898
commune,0.578,0.854,0.697,0.841,0.774,0.961,0.984,0.898
enquête,0.349,0.273,0.364,0.531,0.572,0.761,0.866,0.97
culture,0.895,0.667,0.803,0.927,0.855,0.911,0.838,0.898
petits,0.363,0.301,0.47,0.639,0.578,0.747,0.81,0.954
semaines,0.555,0.559,0.622,0.483,0.607,0.672,0.787,0.898
idée,0.571,0.864,0.769,0.941,0.82,0.826,0.845,0.948
congrès,0.459,0.796,0.618,0.521,0.586,0.7,0.788,0.898
carouge,0.123,0.247,0.348,0.398,0.571,0.75,0.929,0.94
suis,0.34,0.269,0.41,0.468,0.584,0.713,0.787,0.898
nature,0.349,0.283,0.48,0.729,0.633,0.717,0.872,0.898
fi,0.348,0.618,0.456,0.569,0.429,0.649,0.893,0.898
besoin,0.362,0.372,0.555,0.774,0.849,0.965,0.98,0.898
celles,0.348,0.552,0.435,0.504,0.566,0.676,0.823,0.898
simple,0.342,0.266,0.403,0.547,0.607,0.626,0.789,0.898
commun,0.676,0.659,0.649,0.622,0.721,0.874,0.787,0.898
protection,0.514,0.561,0.607,0.682,0.651,0.672,0.821,0.898
afrique,0.711,0.421,0.499,0.74,0.751,0.824,0.787,0.898
lu,0.123,0.306,0.487,0.606,0.608,0.823,0.839,0.898
spectacle,0.463,0.766,0.894,0.983,0.978,0.984,0.98,0.938
plupart,0.562,0.455,0.812,0.776,0.719,0.684,0.853,0.927
saison,0.446,0.344,0.393,0.463,0.592,0.726,0.8,0.956
fond,0.251,0.305,0.532,0.67,0.557,0.675,0.849,0.898
armes,0.446,0.391,0.305,0.325,0.489,0.596,0.787,0.898
permis,0.786,0.555,0.887,0.876,0.949,0.853,0.878,0.903
general,0.233,0.09,0.087,0.242,0.488,0.747,0.874,0.964
produit,0.189,0.332,0.382,0.457,0.6,0.698,0.87,0.936
partir,0.123,0.348,0.369,0.475,0.543,0.711,0.843,0.898
espagne,0.346,0.63,0.575,0.722,0.875,0.913,0.787,0.898
prise,0.365,0.261,0.397,0.645,0.766,0.869,0.842,0.908
cv,0.058,0.167,0.092,0.166,0.283,0.088,0.175,0.659
concerne,0.798,0.779,0.806,0.672,0.898,0.964,0.928,0.898
it,0.9,0.697,0.459,0.53,0.662,0.812,0.864,0.898
parlement,0.456,0.436,0.352,0.511,0.621,0.777,0.788,0.938
source,0.853,0.764,0.848,0.77,0.763,0.874,0.793,0.92
georges,0.803,0.574,0.433,0.469,0.36,0.468,0.661,0.984
ouverte,0.349,0.748,0.795,0.938,0.802,0.941,0.966,0.911
opposition,0.603,0.648,0.448,0.591,0.681,0.72,0.793,0.91
campagne,0.567,0.575,0.552,0.537,0.567,0.686,0.844,0.902
nombreuses,0.895,0.818,0.66,0.55,0.581,0.73,0.814,0.898
lequel,0.895,0.732,0.524,0.706,0.757,0.908,0.947,0.898
cantonal,0.233,0.236,0.38,0.544,0.583,0.67,0.873,0.905
justice,0.232,0.292,0.335,0.441,0.591,0.704,0.787,0.944
vol,0.148,0.12,0.094,0.216,0.364,0.624,0.753,0.898
terrain,0.682,0.703,0.601,0.894,0.767,0.918,0.901,0.914
régime,0.733,0.377,0.381,0.542,0.619,0.733,0.92,0.951
passer,0.785,0.982,0.956,0.857,0.792,0.771,0.846,0.898
communauté,0.347,0.449,0.702,0.879,0.985,0.987,0.994,0.96
ff,0.675,0.926,0.96,0.89,0.839,0.76,0.787,0.905
présente,0.363,0.467,0.763,0.947,0.877,0.789,0.905,0.908
te,0.675,0.956,0.966,0.948,0.898,0.867,0.814,0.898
belle,0.46,0.299,0.309,0.472,0.502,0.681,0.787,0.904
cent,0.459,0.319,0.371,0.483,0.631,0.665,0.801,0.935
droite,0.233,0.243,0.408,0.539,0.639,0.761,0.885,0.929
partis,0.796,0.731,0.618,0.578,0.597,0.684,0.802,0.898
holding,0.233,0.242,0.36,0.459,0.557,0.7,0.811,0.898
premières,0.123,0.24,0.344,0.469,0.58,0.675,0.787,0.91
passe,0.342,0.293,0.33,0.428,0.541,0.72,0.81,0.898
objet,0.169,0.318,0.548,0.6,0.642,0.834,0.839,0.926
permanence,0.196,0.266,0.417,0.502,0.717,0.867,0.866,0.898
bat,0.452,0.288,0.359,0.515,0.612,0.798,0.92,0.898
sein,0.457,0.707,0.83,0.782,0.648,0.745,0.792,0.909
japon,0.658,0.447,0.393,0.625,0.826,0.775,0.84,0.898
tribunal,0.123,0.236,0.369,0.481,0.703,0.783,0.826,0.898
oui,0.556,0.576,0.492,0.473,0.614,0.774,0.925,0.898
désormais,0.343,0.292,0.716,0.853,0.838,0.909,0.976,0.898
amour,0.481,0.296,0.394,0.552,0.514,0.784,0.81,0.898
ouest,0.384,0.231,0.127,0.163,0.318,0.628,0.733,0.951
sommes,0.336,0.442,0.368,0.457,0.557,0.69,0.787,0.954
fermé,0.938,0.963,0.751,0.831,0.94,0.97,0.914,0.898
vente,0.665,0.749,0.609,0.619,0.86,0.871,0.977,0.898
jeunesse,0.349,0.33,0.46,0.639,0.446,0.604,0.803,0.918
yeux,0.588,0.442,0.401,0.476,0.644,0.851,0.847,0.94
royal,0.676,0.656,0.783,0.632,0.728,0.881,0.81,0.898
chine,0.811,0.604,0.473,0.576,0.574,0.694,0.863,0.944
autour,0.233,0.242,0.357,0.58,0.658,0.752,0.799,0.898
claude,0.562,0.477,0.268,0.313,0.249,0.418,0.773,0.955
bureau,0.672,0.726,0.528,0.544,0.655,0.861,0.948,0.931
jeux,0.731,0.352,0.477,0.66,0.698,0.706,0.904,0.898
su,0.511,0.799,0.668,0.909,0.801,0.914,0.866,0.898
soient,0.555,0.543,0.403,0.474,0.589,0.685,0.809,0.912
propre,0.123,0.263,0.474,0.545,0.723,0.703,0.876,0.903
palais,0.123,0.54,0.521,0.571,0.75,0.923,0.952,0.917
vont,0.233,0.239,0.344,0.493,0.576,0.704,0.787,0.898
études,0.354,0.263,0.402,0.678,0.673,0.653,0.81,0.898
tendance,0.895,0.952,0.874,0.88,0.762,0.716,0.821,0.898
indiqué,0.933,0.843,0.526,0.639,0.686,0.817,0.871,0.935
article,0.233,0.241,0.434,0.609,0.625,0.733,0.795,0.898
montant,0.786,0.719,0.519,0.514,0.637,0.859,0.864,0.898
sam,0.785,0.927,0.799,0.793,0.61,0.638,0.293,0.683
représentants,0.472,0.364,0.365,0.457,0.576,0.733,0.811,0.948
puisque,0.342,0.294,0.473,0.607,0.64,0.644,0.787,0.914
nestlé,0.342,0.231,0.268,0.44,0.463,0.634,0.869,0.912
choses,0.625,0.835,0.573,0.528,0.579,0.682,0.787,0.898
italien,0.777,0.439,0.663,0.872,0.783,0.931,0.889,0.96
concours,0.555,0.342,0.455,0.485,0.596,0.672,0.82,0.898
texte,0.133,0.294,0.446,0.651,0.607,0.797,0.922,0.898
garde,0.415,0.292,0.344,0.478,0.577,0.751,0.866,0.898
israël,0.571,0.86,0.855,0.948,0.917,0.812,0.788,0.946
nat,0.233,0.236,0.344,0.483,0.672,0.779,0.849,0.898
militaires,0.781,0.729,0.495,0.627,0.669,0.685,0.856,0.898
sports,0.671,0.659,0.493,0.489,0.605,0.672,0.787,0.898
groupes,0.785,0.6,0.644,0.578,0.577,0.681,0.787,0.898
nécessaire,0.461,0.291,0.486,0.528,0.641,0.724,0.787,0.898
sandoz,0.568,0.341,0.361,0.607,0.64,0.792,0.893,0.921
championnat,0.347,0.289,0.396,0.556,0.688,0.928,0.87,0.95
diverses,0.676,0.412,0.475,0.507,0.649,0.778,0.781,0.898
finances,0.56,0.442,0.364,0.484,0.592,0.779,0.82,0.942
permet,0.895,0.63,0.704,0.541,0.638,0.769,0.84,0.907
débat,0.57,0.474,0.395,0.48,0.557,0.753,0.81,0.97
certes,0.458,0.36,0.654,0.717,0.671,0.687,0.849,0.898
lettres,0.569,0.472,0.411,0.446,0.486,0.699,0.811,0.898
moi,0.272,0.298,0.265,0.222,0.294,0.501,0.62,0.905
chiffres,0.233,0.244,0.364,0.499,0.604,0.728,0.787,0.898
budget,0.779,0.918,0.917,0.908,0.989,0.975,0.92,0.898
lire,0.572,0.4,0.643,0.705,0.729,0.716,0.787,0.898
père,0.895,0.787,0.812,0.661,0.644,0.817,0.837,0.898
cap,0.233,0.236,0.37,0.609,0.586,0.741,0.895,0.906
sauf,0.785,0.926,0.81,0.86,0.9,0.892,0.803,0.952
quel,0.562,0.331,0.449,0.524,0.55,0.725,0.851,0.919
intérêts,0.895,0.582,0.729,0.747,0.727,0.73,0.876,0.898
and,0.207,0.267,0.302,0.465,0.613,0.703,0.891,0.985
espace,0.232,0.292,0.35,0.497,0.615,0.76,0.816,0.898
tenu,0.341,0.508,0.414,0.649,0.792,0.748,0.81,0.898
passage,0.123,0.489,0.619,0.551,0.543,0.71,0.787,0.963
lutte,0.4,0.29,0.512,0.747,0.861,0.958,0.896,0.898
principe,0.997,0.77,0.844,0.944,0.788,0.789,0.818,0.947
véritable,0.871,0.657,0.838,0.74,0.722,0.731,0.903,0.988
risque,0.572,0.439,0.453,0.685,0.68,0.685,0.787,0.98
meilleur,0.671,0.554,0.361,0.432,0.44,0.555,0.719,0.898
livres,0.895,0.57,0.648,0.656,0.705,0.818,0.822,0.99
minutes,0.342,0.262,0.302,0.337,0.519,0.791,0.837,0.917
santé,0.346,0.466,0.432,0.454,0.527,0.662,0.841,0.898
importante,0.672,0.429,0.51,0.531,0.566,0.693,0.87,0.936
huit,0.445,0.59,0.418,0.446,0.555,0.631,0.82,0.898
moyenne,0.809,0.902,0.682,0.917,0.913,0.96,0.947,0.92
perdu,0.536,0.505,0.726,0.954,0.861,0.835,0.839,0.92
steel,0.123,0.267,0.378,0.481,0.685,0.909,0.86,0.898
voyage,0.232,0.303,0.298,0.414,0.506,0.673,0.792,0.898
capitale,0.586,0.353,0.624,0.695,0.924,0.97,0.92,0.963
égard,0.573,0.445,0.396,0.627,0.804,0.754,0.816,0.927
mer,0.123,0.262,0.47,0.483,0.544,0.738,0.893,0.898
ministres,0.237,0.541,0.565,0.55,0.659,0.888,0.811,0.898
met,0.67,0.61,0.678,0.663,0.847,0.973,0.994,0.93
pied,0.381,0.289,0.412,0.537,0.566,0.772,0.814,0.898
cr,0.281,0.777,0.937,0.948,0.918,0.944,0.978,0.913
frais,0.453,0.575,0.836,0.806,0.794,0.94,0.976,0.898
lorsqu,0.596,0.927,0.979,0.951,0.985,0.972,0.897,0.898
lui-même,0.458,0.459,0.478,0.626,0.563,0.672,0.787,0.919
furent,0.428,0.268,0.319,0.446,0.493,0.669,0.79,0.898
guère,0.672,0.662,0.925,0.764,0.732,0.734,0.877,0.898
canada,0.342,0.262,0.315,0.453,0.502,0.559,0.82,0.928
course,0.478,0.504,0.426,0.472,0.592,0.741,0.924,0.91
publics,0.164,0.236,0.357,0.468,0.626,0.728,0.789,0.898
poste,0.832,0.528,0.372,0.482,0.525,0.781,0.87,0.898
double,0.123,0.245,0.374,0.477,0.617,0.693,0.799,0.962
reçu,0.13,0.264,0.516,0.69,0.646,0.719,0.816,0.906
aller,0.565,0.594,0.407,0.631,0.842,0.854,0.842,0.898
présent,0.563,0.488,0.724,0.554,0.754,0.783,0.85,0.898
li,0.568,0.533,0.583,0.765,0.599,0.823,0.949,0.898
prises,0.839,0.499,0.634,0.567,0.606,0.766,0.926,0.954
volonté,0.785,0.731,0.632,0.647,0.761,0.758,0.788,0.898
numéro,0.349,0.765,0.888,0.906,0.777,0.934,0.959,0.928
fête,0.123,0.236,0.401,0.617,0.604,0.773,0.866,0.898
charles,0.562,0.555,0.308,0.314,0.176,0.314,0.701,0.898
prochaine,0.141,0.267,0.559,0.675,0.81,0.845,0.816,0.898
longue,0.607,0.5,0.456,0.489,0.55,0.714,0.82,0.934
françois,0.123,0.271,0.28,0.389,0.427,0.635,0.793,0.898
travers,0.123,0.27,0.427,0.539,0.536,0.7,0.812,0.942
philippe,0.582,0.475,0.306,0.411,0.297,0.386,0.715,0.949
al,0.947,0.734,0.826,0.719,0.802,0.919,0.838,0.898
voici,0.342,0.267,0.344,0.464,0.58,0.678,0.787,0.898
emploi,0.453,0.549,0.659,0.538,0.557,0.69,0.788,0.898
pourra,0.669,0.374,0.562,0.571,0.829,0.878,0.82,0.924
dirigeants,0.123,0.267,0.263,0.274,0.388,0.612,0.787,0.901
connu,0.786,0.808,0.991,0.996,0.979,0.968,0.893,0.905
pouvait,0.785,0.815,0.708,0.627,0.577,0.701,0.787,0.905
rené,0.458,0.241,0.256,0.384,0.113,0.212,0.426,0.792
cité,0.232,0.345,0.344,0.656,0.734,0.771,0.899,0.898
fédération,0.15,0.366,0.664,0.912,0.861,0.879,0.85,0.898
certaine,0.895,0.841,0.791,0.833,0.918,0.805,0.841,0.898
gros,0.233,0.345,0.458,0.605,0.607,0.781,0.976,0.898
louis,0.458,0.299,0.354,0.453,0.518,0.649,0.799,0.988
roi,0.337,0.282,0.368,0.447,0.575,0.738,0.84,0.988
jazz,0.369,0.785,0.906,0.974,0.879,0.928,0.889,0.964
net,0.672,0.476,0.418,0.5,0.569,0.772,0.887,0.898
parler,0.565,0.446,0.414,0.626,0.887,0.867,0.819,0.935
onu,0.611,0.331,0.379,0.449,0.541,0.673,0.836,0.963
communiste,0.562,0.583,0.419,0.359,0.287,0.463,0.544,0.898
amis,0.123,0.202,0.223,0.303,0.457,0.566,0.567,0.933
voiture,0.345,0.268,0.542,0.587,0.646,0.774,0.908,0.898
pétrole,0.785,0.624,0.605,0.749,0.622,0.693,0.787,0.898
institut,0.241,0.238,0.344,0.457,0.603,0.824,0.852,0.898
contraire,0.123,0.264,0.556,0.543,0.517,0.537,0.788,0.908
raisons,0.151,0.498,0.418,0.553,0.632,0.683,0.847,0.903
européen,0.144,0.638,0.698,0.638,0.726,0.948,0.894,0.911
pi,0.453,0.324,0.622,0.574,0.6,0.745,0.817,0.929
correspondant,0.813,0.626,0.681,0.69,0.889,0.957,0.873,0.898
mot,0.237,0.511,0.524,0.664,0.723,0.983,0.928,0.94
actuelle,0.446,0.363,0.356,0.444,0.545,0.69,0.787,0.898
zone,0.232,0.329,0.446,0.635,0.664,0.623,0.789,0.937
écrit,0.672,0.54,0.844,0.826,0.722,0.72,0.876,0.903
amérique,0.342,0.262,0.344,0.485,0.625,0.733,0.789,0.954
récemment,0.781,0.512,0.661,0.755,0.704,0.706,0.908,0.965
activités,0.623,0.383,0.43,0.671,0.632,0.677,0.81,0.898
veille,0.356,0.266,0.689,0.749,0.815,0.81,0.821,0.958
mille,0.456,0.224,0.178,0.313,0.454,0.312,0.569,0.898
voit,0.785,0.993,0.866,0.662,0.723,0.806,0.841,0.898
difficultés,0.123,0.355,0.553,0.602,0.528,0.476,0.699,0.898
roche,0.786,0.504,0.875,0.928,0.773,0.823,0.873,0.898
concernant,0.458,0.355,0.401,0.524,0.557,0.681,0.843,0.898
opération,0.692,0.733,0.776,0.908,0.852,0.984,0.976,0.975
von,0.676,0.441,0.457,0.515,0.499,0.728,0.813,0.956
spécial,0.262,0.151,0.179,0.314,0.524,0.711,0.738,0.981
communes,0.895,0.87,0.929,0.931,0.989,0.945,0.969,0.952
bernard,0.671,0.555,0.274,0.367,0.284,0.293,0.587,0.898
bd,0.349,0.387,0.514,0.699,0.583,0.709,0.895,0.898
origine,0.692,0.432,0.779,0.848,0.807,0.782,0.833,0.952
rome,0.35,0.448,0.41,0.61,0.896,0.909,0.84,0.911
tiers,0.785,0.705,0.574,0.558,0.65,0.746,0.787,0.901
large,0.599,0.451,0.829,0.795,0.798,0.955,0.999,0.9
unies,0.572,0.38,0.376,0.556,0.591,0.764,0.813,0.898
allemande,0.672,0.502,0.527,0.448,0.462,0.677,0.877,0.91
demandé,0.239,0.469,0.56,0.79,0.64,0.76,0.945,0.966
dr,0.342,0.147,0.03,0.146,0.266,0.416,0.734,0.898
pr,0.599,0.801,0.507,0.457,0.538,0.585,0.763,0.904
lac,0.123,0.236,0.464,0.571,0.647,0.753,0.922,0.898
tient,0.781,0.566,0.393,0.483,0.606,0.752,0.903,0.9
croissance,0.895,0.822,0.794,0.901,0.781,0.805,0.922,0.907
responsables,0.232,0.437,0.376,0.482,0.649,0.687,0.787,0.898
belgique,0.688,0.584,0.92,0.887,0.851,0.82,0.816,0.898
lettre,0.123,0.309,0.501,0.516,0.57,0.763,0.811,0.942
sociale,0.126,0.251,0.335,0.471,0.579,0.674,0.787,0.898
assurer,0.232,0.374,0.358,0.52,0.578,0.697,0.866,0.898
compris,0.294,0.41,0.364,0.474,0.584,0.781,0.81,0.903
record,0.682,0.669,0.638,0.863,0.713,0.916,0.955,0.92
revue,0.233,0.236,0.425,0.702,0.745,0.736,0.812,0.898
publié,0.124,0.266,0.344,0.513,0.59,0.809,0.833,0.898
efforts,0.233,0.238,0.34,0.483,0.54,0.73,0.875,0.898
traité,0.562,0.447,0.381,0.462,0.525,0.699,0.843,0.92
durée,0.67,0.493,0.434,0.524,0.663,0.901,0.888,0.898
pa,0.123,0.32,0.589,0.654,0.683,0.821,0.816,0.898
avance,0.372,0.387,0.367,0.515,0.582,0.702,0.787,0.898
ecole,0.237,0.34,0.432,0.675,0.658,0.856,0.833,0.898
classement,0.353,0.271,0.355,0.486,0.646,0.858,0.893,0.904
éviter,0.233,0.236,0.367,0.518,0.583,0.68,0.843,0.898
transports,0.233,0.219,0.338,0.557,0.591,0.685,0.762,0.927
porte-parole,0.475,0.332,0.357,0.457,0.573,0.716,0.787,0.91
jouer,0.346,0.503,0.381,0.673,0.75,0.876,0.833,0.933
train,0.123,0.264,0.407,0.385,0.428,0.676,0.843,0.898
marchés,0.681,0.424,0.42,0.72,0.809,0.832,0.811,0.898
internationales,0.353,0.298,0.474,0.478,0.596,0.672,0.787,0.898
